impl,n,p,dist,kind,variant,t_total,t_comp,t_comm,t_idle,gflops,residual,growth
serial,1000,1,-,diagdom,pivot,0.108717,0.108717,0.000000,0.000000,6.1275,2.417794e-15,1.0000
serial,1000,1,-,diagdom,pivot,0.122108,0.122108,0.000000,0.000000,5.4556,2.417794e-15,1.0000
serial,1000,1,-,diagdom,pivot,0.111376,0.111376,0.000000,0.000000,5.9813,2.417794e-15,1.0000
serial,1000,1,-,diagdom,pivot,0.144675,0.144675,0.000000,0.000000,4.6046,2.417794e-15,1.0000
serial,1000,1,-,diagdom,pivot,0.106797,0.106797,0.000000,0.000000,6.2377,2.417794e-15,1.0000
mpi,1000,2,cyclic,diagdom,pivot,0.105506,0.087427,0.017667,0.000000,6.3140,2.417794e-15,
mpi,1000,2,cyclic,diagdom,pivot,0.107283,0.093690,0.013135,0.000000,6.2094,2.417794e-15,
mpi,1000,2,cyclic,diagdom,pivot,0.076663,0.067026,0.009251,0.000000,8.6896,2.417794e-15,
mpi,1000,2,cyclic,diagdom,pivot,0.071846,0.060039,0.011445,0.000000,9.2721,2.417794e-15,
mpi,1000,2,cyclic,diagdom,pivot,0.064948,0.054652,0.009941,0.000000,10.2569,2.417794e-15,
mpi,1000,4,cyclic,diagdom,pivot,0.077688,0.040035,0.037307,0.000000,8.5749,2.417794e-15,
mpi,1000,4,cyclic,diagdom,pivot,0.061170,0.037161,0.023661,0.000000,10.8905,2.417794e-15,
mpi,1000,4,cyclic,diagdom,pivot,0.061649,0.036661,0.024619,0.000000,10.8059,2.417794e-15,
mpi,1000,4,cyclic,diagdom,pivot,0.069671,0.043546,0.025680,0.000000,9.5617,2.417794e-15,
mpi,1000,4,cyclic,diagdom,pivot,0.044260,0.027587,0.016362,0.000000,15.0511,2.417794e-15,
mpi,1000,8,cyclic,diagdom,pivot,0.046636,0.020009,0.026307,0.000000,14.2844,2.417794e-15,
mpi,1000,8,cyclic,diagdom,pivot,0.043742,0.018890,0.024544,0.000000,15.2293,2.417794e-15,
mpi,1000,8,cyclic,diagdom,pivot,0.050500,0.021130,0.029025,0.000000,13.1914,2.417794e-15,
mpi,1000,8,cyclic,diagdom,pivot,0.043518,0.018912,0.024293,0.000000,15.3077,2.417794e-15,
mpi,1000,8,cyclic,diagdom,pivot,0.045615,0.019340,0.025970,0.000000,14.6043,2.417794e-15,
serial,2000,1,-,diagdom,pivot,1.916740,1.916740,0.000000,0.000000,2.7815,3.384144e-15,1.0000
serial,2000,1,-,diagdom,pivot,1.713673,1.713673,0.000000,0.000000,3.1111,3.384144e-15,1.0000
serial,2000,1,-,diagdom,pivot,1.769798,1.769798,0.000000,0.000000,3.0124,3.384144e-15,1.0000
serial,2000,1,-,diagdom,pivot,2.065650,2.065650,0.000000,0.000000,2.5809,3.384144e-15,1.0000
serial,2000,1,-,diagdom,pivot,1.834242,1.834242,0.000000,0.000000,2.9066,3.384144e-15,1.0000
mpi,2000,2,cyclic,diagdom,pivot,1.221286,1.137499,0.082170,0.000000,4.3653,3.384144e-15,
mpi,2000,2,cyclic,diagdom,pivot,1.233137,1.163815,0.067747,0.000000,4.3234,3.384144e-15,
mpi,2000,2,cyclic,diagdom,pivot,1.212673,1.139339,0.071938,0.000000,4.3963,3.384144e-15,
mpi,2000,2,cyclic,diagdom,pivot,1.373055,1.259748,0.111707,0.000000,3.8828,3.384144e-15,
mpi,2000,2,cyclic,diagdom,pivot,1.390224,1.296070,0.092413,0.000000,3.8349,3.384144e-15,
mpi,2000,4,cyclic,diagdom,pivot,1.019481,0.813173,0.205055,0.000000,5.2295,3.384144e-15,
mpi,2000,4,cyclic,diagdom,pivot,0.875333,0.705522,0.168623,0.000000,6.0906,3.384144e-15,
mpi,2000,4,cyclic,diagdom,pivot,0.869893,0.691292,0.177410,0.000000,6.1287,3.384144e-15,
mpi,2000,4,cyclic,diagdom,pivot,0.860847,0.697533,0.162127,0.000000,6.1931,3.384144e-15,
mpi,2000,4,cyclic,diagdom,pivot,0.871784,0.698922,0.171730,0.000000,6.1154,3.384144e-15,
mpi,2000,8,cyclic,diagdom,pivot,0.694209,0.501810,0.191341,0.000000,7.6797,3.384144e-15,
mpi,2000,8,cyclic,diagdom,pivot,0.863750,0.653762,0.208859,0.000000,6.1723,3.384144e-15,
mpi,2000,8,cyclic,diagdom,pivot,0.931546,0.686006,0.244495,0.000000,5.7231,3.384144e-15,
mpi,2000,8,cyclic,diagdom,pivot,0.898442,0.683679,0.213653,0.000000,5.9340,3.384144e-15,
mpi,2000,8,cyclic,diagdom,pivot,1.025450,0.781196,0.243071,0.000000,5.1990,3.384144e-15,
serial,4000,1,-,diagdom,pivot,18.344445,18.344445,0.000000,0.000000,2.3254,4.680822e-15,1.0000
serial,4000,1,-,diagdom,pivot,17.994548,17.994548,0.000000,0.000000,2.3706,4.680822e-15,1.0000
serial,4000,1,-,diagdom,pivot,18.709170,18.709170,0.000000,0.000000,2.2801,4.680822e-15,1.0000
serial,4000,1,-,diagdom,pivot,17.674558,17.674558,0.000000,0.000000,2.4136,4.680822e-15,1.0000
serial,4000,1,-,diagdom,pivot,17.867654,17.867654,0.000000,0.000000,2.3875,4.680822e-15,1.0000
mpi,4000,2,cyclic,diagdom,pivot,12.761220,12.444674,0.310912,0.000000,3.3428,4.680822e-15,
mpi,4000,2,cyclic,diagdom,pivot,13.062499,12.574505,0.482128,0.000000,3.2657,4.680822e-15,
mpi,4000,2,cyclic,diagdom,pivot,12.737133,12.288855,0.442725,0.000000,3.3492,4.680822e-15,
mpi,4000,2,cyclic,diagdom,pivot,12.588765,12.218519,0.364635,0.000000,3.3886,4.680822e-15,
mpi,4000,2,cyclic,diagdom,pivot,12.683151,12.343255,0.334021,0.000000,3.3634,4.680822e-15,
mpi,4000,4,cyclic,diagdom,pivot,10.184344,8.908315,1.271780,0.000000,4.1887,4.680822e-15,
mpi,4000,4,cyclic,diagdom,pivot,10.214291,9.022359,1.187639,0.000000,4.1764,4.680822e-15,
mpi,4000,4,cyclic,diagdom,pivot,10.187539,8.916357,1.267093,0.000000,4.1873,4.680822e-15,
mpi,4000,4,cyclic,diagdom,pivot,10.108344,8.871490,1.232864,0.000000,4.2201,4.680822e-15,
mpi,4000,4,cyclic,diagdom,pivot,10.237855,8.960684,1.273166,0.000000,4.1668,4.680822e-15,
mpi,4000,8,cyclic,diagdom,pivot,9.616646,8.694352,0.918761,0.000000,4.4359,4.680822e-15,
mpi,4000,8,cyclic,diagdom,pivot,9.588181,8.643217,0.941557,0.000000,4.4491,4.680822e-15,
mpi,4000,8,cyclic,diagdom,pivot,9.596047,8.684904,0.907511,0.000000,4.4454,4.680822e-15,
mpi,4000,8,cyclic,diagdom,pivot,9.666445,8.669536,0.993284,0.000000,4.4131,4.680822e-15,
mpi,4000,8,cyclic,diagdom,pivot,9.541979,8.641935,0.896454,0.000000,4.4706,4.680822e-15,
serial,100,1,-,diagdom,pivot,0.000057,0.000057,0.000000,0.000000,11.6185,5.032238e-16,0.9991
mpi,100,4,cyclic,diagdom,pivot,0.000259,0.000020,0.000227,0.000000,2.5572,5.032238e-16,
serial,200,1,-,diagdom,pivot,0.000437,0.000437,0.000000,0.000000,12.1657,8.319876e-16,0.9997
mpi,200,4,cyclic,diagdom,pivot,0.000564,0.000111,0.000431,0.000000,9.4141,8.319876e-16,
serial,500,1,-,diagdom,pivot,0.006781,0.006781,0.000000,0.000000,12.2715,1.658559e-15,1.0000
mpi,500,4,cyclic,diagdom,pivot,0.002683,0.001521,0.001099,0.000000,31.0186,1.658559e-15,
serial,1000,1,-,diagdom,pivot,0.057373,0.057373,0.000000,0.000000,11.6112,2.417794e-15,1.0000
mpi,1000,4,cyclic,diagdom,pivot,0.025245,0.016957,0.008104,0.000000,26.3878,2.417794e-15,
serial,100,1,-,random,pivot,0.000068,0.000068,0.000000,0.000000,9.7580,1.143209e-16,17.4417
mpi,100,4,cyclic,random,pivot,0.000366,0.000019,0.000333,0.000000,1.8084,1.143209e-16,
serial,200,1,-,random,pivot,0.000451,0.000451,0.000000,0.000000,11.7858,2.373032e-16,17.8043
mpi,200,4,cyclic,random,pivot,0.000623,0.000128,0.000461,0.000000,8.5303,2.373032e-16,
serial,500,1,-,random,pivot,0.008186,0.008186,0.000000,0.000000,10.1644,3.803093e-16,36.4790
mpi,500,4,cyclic,random,pivot,0.003975,0.001729,0.002154,0.000000,20.9348,3.803093e-16,
serial,1000,1,-,random,pivot,0.060863,0.060863,0.000000,0.000000,10.9454,6.811734e-16,51.4086
mpi,1000,4,cyclic,random,pivot,0.026222,0.015370,0.010630,0.000000,25.4052,6.811734e-16,
serial,100,1,-,hilbert,pivot,0.000060,0.000060,0.000000,0.000000,11.0548,1.598854e-18,1.0000
mpi,100,4,cyclic,hilbert,pivot,0.000330,0.000019,0.000298,0.000000,2.0024,1.598854e-18,
serial,200,1,-,hilbert,pivot,0.000487,0.000487,0.000000,0.000000,10.9109,1.290344e-18,1.0000
mpi,200,4,cyclic,hilbert,pivot,0.000679,0.000104,0.000546,0.000000,7.8230,1.290344e-18,
serial,500,1,-,hilbert,pivot,0.008117,0.008117,0.000000,0.000000,10.2508,1.537025e-18,1.0000
mpi,500,4,cyclic,hilbert,pivot,0.003668,0.001732,0.001846,0.000000,22.6866,1.537025e-18,
serial,1000,1,-,hilbert,pivot,0.054000,0.054000,0.000000,0.000000,12.3364,7.029213e-19,1.0000
mpi,1000,4,cyclic,hilbert,pivot,0.029070,0.016413,0.012428,0.000000,22.9161,7.029213e-19,
serial,100,1,-,zerodiag,pivot,0.000056,0.000056,0.000000,0.000000,11.7939,1.240906e-16,11.7810
mpi,100,4,cyclic,zerodiag,pivot,0.000296,0.000019,0.000261,0.000000,2.2356,1.240906e-16,
serial,200,1,-,zerodiag,pivot,0.000447,0.000447,0.000000,0.000000,11.8749,2.955337e-16,18.3965
mpi,200,4,cyclic,zerodiag,pivot,0.000520,0.000103,0.000390,0.000000,10.2188,2.955337e-16,
serial,500,1,-,zerodiag,pivot,0.008166,0.008166,0.000000,0.000000,10.1895,4.339857e-16,32.5972
mpi,500,4,cyclic,zerodiag,pivot,0.003234,0.001657,0.001494,0.000000,25.7313,4.339857e-16,
serial,1000,1,-,zerodiag,pivot,0.060667,0.060667,0.000000,0.000000,10.9806,1.070830e-15,55.6998
mpi,1000,4,cyclic,zerodiag,pivot,0.030706,0.018784,0.011696,0.000000,21.6948,1.070830e-15,
FALLO: pivote nulo en el paso k=0.
  Con -k zerodiag y --nopivot esto es EL resultado esperado:
  es la demostracion de que el pivoteo no es opcional.
